[
    {
        "name_uz": "Andijon viloyati",
        "name_ru": "Андижанская область",
        "name_en": "Andijan region",
        "districts": [
            {
                "name_uz": "Andijon shahri",
                "name_ru": "Город Андижан",
                "name_en": "Andijan city"
            },
            {
                "name_uz": "Xonobod shahri",
                "name_ru": "Город Ханабад",
                "name_en": "Khanabadcity"
            },
            {
                "name_uz": "Oltinko‘l tumani",
                "name_ru": "Алтынкульский район",
                "name_en": "Altynkul  district"
            },
            {
                "name_uz": "Andijon tumani",
                "name_ru": "Андижанский район",
                "name_en": "Andijan district"
            },
            {
                "name_uz": "Baliqchi tumani",
                "name_ru": "Балыкчинский район",
                "name_en": "Balykchi district"
            },
            {
                "name_uz": "Bo‘ston tumani",
                "name_ru": "Бустонский район",
                "name_en": "Bustan district"
            },
            {
                "name_uz": "Buloqboshi tumani",
                "name_ru": "Булакбашинский район",
                "name_en": "Bulakbashi district"
            },
            {
                "name_uz": "Jalaquduq tumani",
                "name_ru": "Жалакудукский район",
                "name_en": "Jalаquduk district"
            },
            {
                "name_uz": "Izboskan tumani",
                "name_ru": "Избасканский район",
                "name_en": "Izbaskan district"
            },
            {
                "name_uz": "Ulug‘nor tumani",
                "name_ru": "Улугноpский район",
                "name_en": "Ulugnor district"
            },
            {
                "name_uz": "Qo‘rg‘ontepa tumani",
                "name_ru": "Кургантепинский район",
                "name_en": "Kurgantepa district"
            },
            {
                "name_uz": "Asaka tumani",
                "name_ru": "Асакинский район",
                "name_en": "Asaka district"
            },
            {
                "name_uz": "Marxamat tumani",
                "name_ru": "Мархаматский район",
                "name_en": "Markhamat district"
            },
            {
                "name_uz": "Shaxrixon tumani",
                "name_ru": "Шахриханский район",
                "name_en": "Shakhrikhan district"
            },
            {
                "name_uz": "Paxtaobod tumani",
                "name_ru": "Пахтаабадский район",
                "name_en": "Pakhtaabad district"
            },
            {
                "name_uz": "Xo‘jaobod tumani",
                "name_ru": "Ходжаабадский район",
                "name_en": "Khojaabad district"
            }
        ]
    },
    {
        "name_uz": "Buxoro viloyati",
        "name_ru": "Бухарская область",
        "name_en": "Bukhara region",
        "districts": [
            {
                "name_uz": "Buxoro shahri",
                "name_ru": "Город Бухара",
                "name_en": "Bukhara city"
            },
            {
                "name_uz": "Kogon shahri",
                "name_ru": "Город Каган",
                "name_en": "Kagan city"
            },
            {
                "name_uz": "Olot tumani",
                "name_ru": "Алатский район",
                "name_en": "Alat district"
            },
            {
                "name_uz": "Buxoro tumani",
                "name_ru": "Бухарский район",
                "name_en": "Bukhara district"
            },
            {
                "name_uz": "Vobkent tumani",
                "name_ru": "Вабкентский район",
                "name_en": "Vobkent district"
            },
            {
                "name_uz": "G‘ijduvon tumani",
                "name_ru": "Гиждуванский район",
                "name_en": "Gijduvan district"
            },
            {
                "name_uz": "Kogon tumani",
                "name_ru": "Каганский район",
                "name_en": "Kagan district"
            },
            {
                "name_uz": "Qorako‘l tumani",
                "name_ru": "Каракульский район",
                "name_en": "Karakul district"
            },
            {
                "name_uz": "Qorovulbozor tumani",
                "name_ru": "Караулбазарский район",
                "name_en": "Qorovulbozor district"
            },
            {
                "name_uz": "Peshku tumani",
                "name_ru": "Пешкунский  район",
                "name_en": "Peshkun district"
            },
            {
                "name_uz": "Romitan tumani",
                "name_ru": "Ромитанский район",
                "name_en": "Romitan district"
            },
            {
                "name_uz": "Jondor tumani",
                "name_ru": "Жондоpский район",
                "name_en": "Jondor  district"
            },
            {
                "name_uz": "Shofirkon tumani",
                "name_ru": "Шафирканский район",
                "name_en": "Shafirkan district"
            }
        ]
    },
    {
        "name_uz": "Farg‘ona  viloyati",
        "name_ru": "Ферганская область",
        "name_en": "Fergana region",
        "districts": [
            {
                "name_uz": "Farg‘ona shahri",
                "name_ru": "Город Фергана",
                "name_en": "Fergana city"
            },
            {
                "name_uz": "Qo‘qon shahri",
                "name_ru": "Город Коканд",
                "name_en": "Kokand city"
            },
            {
                "name_uz": "Quvasoy shahri",
                "name_ru": "Город Кувасай",
                "name_en": "Kuvasay city"
            },
            {
                "name_uz": "Marg‘ilon shahri",
                "name_ru": "Город Маpгилан",
                "name_en": "Margilan city"
            },
            {
                "name_uz": "Oltiariq tumani",
                "name_ru": "Алтыарыкский район",
                "name_en": "Altyaryk district"
            },
            {
                "name_uz": "Qo‘shtepa tumani",
                "name_ru": "Куштепинский район",
                "name_en": "Kushtepa district"
            },
            {
                "name_uz": "Bog‘dod tumani",
                "name_ru": "Багдадский район",
                "name_en": "Baghdad district"
            },
            {
                "name_uz": "Buvayda tumani",
                "name_ru": "Бувайдинский район",
                "name_en": "Buvayda district"
            },
            {
                "name_uz": "Beshariq tumani",
                "name_ru": "Бешарыкский район",
                "name_en": "Besharik district"
            },
            {
                "name_uz": "Quva tumani",
                "name_ru": "Кувинский район",
                "name_en": "Kuva district"
            },
            {
                "name_uz": "Uchko‘prik tumani",
                "name_ru": "Учкуприкский район",
                "name_en": "Uchkuprik district"
            },
            {
                "name_uz": "Rishton tumani",
                "name_ru": "Риштанский район",
                "name_en": "Rishtan district"
            },
            {
                "name_uz": "So‘x tumani",
                "name_ru": "Сохский район",
                "name_en": "Sokh district"
            },
            {
                "name_uz": "Toshloq tumani",
                "name_ru": "Ташлакский район",
                "name_en": "Tashlak district"
            },
            {
                "name_uz": "O‘zbekiston tumani",
                "name_ru": "Узбекистанский район",
                "name_en": "Uzbekistan district"
            },
            {
                "name_uz": "Farg‘ona tumani",
                "name_ru": "Ферганский район",
                "name_en": "Fergana district"
            },
            {
                "name_uz": "Dang‘ara tumani",
                "name_ru": "Дангаринский район",
                "name_en": "Dangara district"
            },
            {
                "name_uz": "Furqat tumani",
                "name_ru": "Фуркатский район",
                "name_en": "Furkat district"
            },
            {
                "name_uz": "Yozyovon tumani",
                "name_ru": "Язъяванский район",
                "name_en": "Yazyavan district"
            }
        ]
    },
    {
        "name_uz": "Jizzax viloyati",
        "name_ru": "Джизакская область",
        "name_en": "Jizzakh region",
        "districts": [
            {
                "name_uz": "Jizzax shahri",
                "name_ru": "Город Джизак",
                "name_en": "Jizzakh city"
            },
            {
                "name_uz": "Arnasoy tumani",
                "name_ru": "Арнасайский район",
                "name_en": "Arnasay district"
            },
            {
                "name_uz": "Baxmal tumani",
                "name_ru": "Бахмальский район",
                "name_en": "Bakhmal district"
            },
            {
                "name_uz": "G‘allaorol tumani",
                "name_ru": "Галляаральский район",
                "name_en": "Gallaaral district"
            },
            {
                "name_uz": "Sharof Rashidov tumani",
                "name_ru": "Шароф-Рашидовский  район",
                "name_en": "Sharof Rashidov  district"
            },
            {
                "name_uz": "Do‘stlik tumani",
                "name_ru": "Дустликский район",
                "name_en": "Dustlik district"
            },
            {
                "name_uz": "Zomin tumani",
                "name_ru": "Зааминский район",
                "name_en": "Zomin district"
            },
            {
                "name_uz": "Zarbdor tumani",
                "name_ru": "Зарбдарский район",
                "name_en": "Zarbdar district"
            },
            {
                "name_uz": "Mirzacho‘l tumani",
                "name_ru": "Мирзачульский район",
                "name_en": "Mirzachul district"
            },
            {
                "name_uz": "Zafarobod tumani",
                "name_ru": "Зафарабадский район",
                "name_en": "Zafarabad district"
            },
            {
                "name_uz": "Paxtakor tumani",
                "name_ru": "Пахтакорский район",
                "name_en": "Pakhtakor district"
            },
            {
                "name_uz": "Forish tumani",
                "name_ru": "Фаришский район",
                "name_en": "Farish district"
            },
            {
                "name_uz": "Yangiobod tumani",
                "name_ru": "Янгиободский район",
                "name_en": "Yangiabad district"
            }
        ]
    },
    {
        "name_uz": "Namangan viloyati",
        "name_ru": "Наманганская область",
        "name_en": "Namangan region",
        "districts": [
            {
                "name_uz": "Namangan shahri",
                "name_ru": "Город Наманган",
                "name_en": "Namangan city"
            },
            {
                "name_uz": "Mingbuloq tumani",
                "name_ru": "Мингбулакский район",
                "name_en": "Mingbulak district"
            },
            {
                "name_uz": "Kosonsoy tumani",
                "name_ru": "Касансайский район",
                "name_en": "Kasansay district"
            },
            {
                "name_uz": "Namangan tumani",
                "name_ru": "Наманганский район",
                "name_en": "Namangan district"
            },
            {
                "name_uz": "Norin tumani",
                "name_ru": "Нарынский район",
                "name_en": "Naryn district"
            },
            {
                "name_uz": "Pop tumani",
                "name_ru": "Папский район",
                "name_en": "Pop district"
            },
            {
                "name_uz": "To‘raqo‘rg‘on tumani",
                "name_ru": "Туракурганский район",
                "name_en": "Turakurgan district"
            },
            {
                "name_uz": "Uychi tumani",
                "name_ru": "Уйчинский район",
                "name_en": "Uychi district"
            },
            {
                "name_uz": "Uchqo‘rg‘on tumani",
                "name_ru": "Учкурганский район",
                "name_en": "Uchkurgan district"
            },
            {
                "name_uz": "Chortoq tumani",
                "name_ru": "Чартакский район",
                "name_en": "Chartak district"
            },
            {
                "name_uz": "Chust tumani",
                "name_ru": "Чустский район",
                "name_en": "Chust district"
            },
            {
                "name_uz": "Yangiqo‘rg‘on tumani",
                "name_ru": "Янгикурганский район",
                "name_en": "Yangikurgan district"
            }
        ]
    },
    {
        "name_uz": "Navoiy viloyati",
        "name_ru": "Навоийская область",
        "name_en": "Navoi region",
        "districts": [
            {
                "name_uz": "Navoiy shahri",
                "name_ru": "Город Навои",
                "name_en": "Navoi city"
            },
            {
                "name_uz": "Zarafshon shahri",
                "name_ru": "Город Заpафшан",
                "name_en": "Zarafshan city"
            },
            {
                "name_uz": "G‘ozg‘on shahri",
                "name_ru": "Город Газган",
                "name_en": "Gazgan city"
            },
            {
                "name_uz": "Konimex tumani",
                "name_ru": "Канимехский  район",
                "name_en": "Kanimekh district"
            },
            {
                "name_uz": "Qiziltepa tumani",
                "name_ru": "Кызылтепинский район",
                "name_en": "Kyzyltepa district"
            },
            {
                "name_uz": "Navbahor tumani",
                "name_ru": "Навбахорский район",
                "name_en": "Navbahor district"
            },
            {
                "name_uz": "Karmana tumani",
                "name_ru": "Карманинский район",
                "name_en": "Karmana district"
            },
            {
                "name_uz": "Nurota tumani",
                "name_ru": "Нуратинский район",
                "name_en": "Nurota district"
            },
            {
                "name_uz": "Tomdi tumani",
                "name_ru": "Тамдынский район",
                "name_en": "Tomdy district"
            },
            {
                "name_uz": "Uchquduq tumani",
                "name_ru": "Учкудукский район",
                "name_en": "Uchkuduk district"
            },
            {
                "name_uz": "Xatirchi tumani",
                "name_ru": "Хатырчинский район",
                "name_en": "Khatyrchi district"
            }
        ]
    },
    {
        "name_uz": "Qashqadaryo viloyati",
        "name_ru": "Кашкадарьинская область",
        "name_en": "Kashkadarya region",
        "districts": [
            {
                "name_uz": "Qarshi  shahri",
                "name_ru": "Город Карши",
                "name_en": "Karshi city"
            },
            {
                "name_uz": "Shahrisabz shahri",
                "name_ru": "Город Шахрисабз",
                "name_en": "Shakhrisabz city"
            },
            {
                "name_uz": "Ko‘kdala tumani",
                "name_ru": "Кукдалинский район",
                "name_en": "Kukdala district"
            },
            {
                "name_uz": "G‘uzor tumani",
                "name_ru": "Гузарский район",
                "name_en": "Gissar district"
            },
            {
                "name_uz": "Dehqonobod tumani",
                "name_ru": "Дехканабадский район",
                "name_en": "Dehkanabad district"
            },
            {
                "name_uz": "Qamashi tumani",
                "name_ru": "Камашинский район",
                "name_en": "Kamashi district"
            },
            {
                "name_uz": "Qarshi tumani",
                "name_ru": "Каршинский район",
                "name_en": "Karshi district"
            },
            {
                "name_uz": "Koson tumani",
                "name_ru": "Касанский район",
                "name_en": "Kasan district"
            },
            {
                "name_uz": "Kitob tumani",
                "name_ru": "Китабский район",
                "name_en": "Kitab district"
            },
            {
                "name_uz": "Mirishkor tumani",
                "name_ru": "Миришкорский район",
                "name_en": "Mirishkor district"
            },
            {
                "name_uz": "Muborak tumani",
                "name_ru": "Мубарекский район",
                "name_en": "Mubarek district"
            },
            {
                "name_uz": "Nishon tumani",
                "name_ru": "Нишанский  район",
                "name_en": "Nishon district"
            },
            {
                "name_uz": "Kasbi tumani",
                "name_ru": "Касбинский район",
                "name_en": "Kasbi district"
            },
            {
                "name_uz": "Chiroqchi tumani",
                "name_ru": "Чиракчинский район",
                "name_en": "Chirakchi district"
            },
            {
                "name_uz": "Shahrisabz tumani",
                "name_ru": "Шахрисабзский район",
                "name_en": "Shakhrisabz district"
            },
            {
                "name_uz": "Yakkabog‘ tumani",
                "name_ru": "Яккабагский район",
                "name_en": "Yakkabag district"
            }
        ]
    },
    {
        "name_uz": "Qoraqalpog‘iston Respublikasi",
        "name_ru": "Республика Каракалпакстан",
        "name_en": "Republic of Karakalpakstan",
        "districts": [
            {
                "name_uz": "Nukus shahri",
                "name_ru": "Город Нукус",
                "name_en": "Nukus city"
            },
            {
                "name_uz": "Taxiatosh sh.",
                "name_ru": "Тахиаташский город",
                "name_en": "Taxiatosh city"
            },
            {
                "name_uz": "Amudaryo tumani",
                "name_ru": "Амударьинский район",
                "name_en": "Amudarya district"
            },
            {
                "name_uz": "Beruniy tumani",
                "name_ru": "Берунийский район",
                "name_en": "Beruniy  district"
            },
            {
                "name_uz": "Bo‘zatov tumani",
                "name_ru": "Бозатауский район",
                "name_en": "Bozatau district"
            },
            {
                "name_uz": "Qorao‘zak tumani",
                "name_ru": "Караузякский район",
                "name_en": "Karauzak district"
            },
            {
                "name_uz": "Kegeyli tumani",
                "name_ru": "Кегейлийский район",
                "name_en": "Kegeyli district"
            },
            {
                "name_uz": "Qo‘ng‘irot tumani",
                "name_ru": "Кунградский район",
                "name_en": "Kungrad district"
            },
            {
                "name_uz": "Qanliko‘l tumani",
                "name_ru": "Канлыкульский район",
                "name_en": "Kanlykul district"
            },
            {
                "name_uz": "Mo‘ynoq tumani",
                "name_ru": "Муйнакский район",
                "name_en": "Muynak district"
            },
            {
                "name_uz": "Nukus tumani",
                "name_ru": "Нукусский район",
                "name_en": "Nukus district"
            },
            {
                "name_uz": "Taxiatosh tumani",
                "name_ru": "Тахиаташский район",
                "name_en": "Takhiatash district"
            },
            {
                "name_uz": "Taxtako‘pir tumani",
                "name_ru": "Тахтакупырский район",
                "name_en": "Takhtakupyr district"
            },
            {
                "name_uz": "To‘rtko‘l tumani",
                "name_ru": "Турткульский район",
                "name_en": "Turtkul district"
            },
            {
                "name_uz": "Xo‘jayli tumani",
                "name_ru": "Ходжейлийский район",
                "name_en": "Khojeyli district"
            },
            {
                "name_uz": "Chimboy tumani",
                "name_ru": "Чимбайский район",
                "name_en": "Chimbay district"
            },
            {
                "name_uz": "Shumanay tumani",
                "name_ru": "Шуманайский район",
                "name_en": "Shumanai district"
            },
            {
                "name_uz": "Ellikkala tumani",
                "name_ru": "Элликкалинский район",
                "name_en": "Ellikkala district"
            }
        ]
    },
    {
        "name_uz": "Samarqand viloyati",
        "name_ru": "Самаркандская область",
        "name_en": "Samarkand region",
        "districts": [
            {
                "name_uz": "Samarqand shahri",
                "name_ru": "Город Самарканд",
                "name_en": "Samarkand city"
            },
            {
                "name_uz": "Kattaqo'rg'on shahar",
                "name_ru": "Город  Каттакурган",
                "name_en": "Kattaqo'rg'on city"
            },
            {
                "name_uz": "Oqdaryo tumani",
                "name_ru": "Акдарьинский район",
                "name_en": "Akdarya district"
            },
            {
                "name_uz": "Bulung‘ur tumani",
                "name_ru": "Булунгурский район",
                "name_en": "Bulungur district"
            },
            {
                "name_uz": "Jomboy tumani",
                "name_ru": "Джамбайский район",
                "name_en": "Jomboy district"
            },
            {
                "name_uz": "Ishtixon tumani",
                "name_ru": "Иштыханский район",
                "name_en": "Ishtykhan district"
            },
            {
                "name_uz": "Kattaqo‘rg‘on tumani",
                "name_ru": "Каттакурганский район",
                "name_en": "Kattakurgan district"
            },
            {
                "name_uz": "Qo‘shrabot tumani",
                "name_ru": "Кошрабадский район",
                "name_en": "Koshrabad district"
            },
            {
                "name_uz": "Narpay tumani",
                "name_ru": "Нарпайский район",
                "name_en": "Narpai district"
            },
            {
                "name_uz": "Payariq tumani",
                "name_ru": "Пайарыкский район",
                "name_en": "Payaryk district"
            },
            {
                "name_uz": "Pastdarg‘om tumani",
                "name_ru": "Пастдаргомский район",
                "name_en": "Pastdargom district"
            },
            {
                "name_uz": "Paxtachi tumani",
                "name_ru": "Пахтачийский район",
                "name_en": "Pakhtachi district"
            },
            {
                "name_uz": "Samarqand tumani",
                "name_ru": "Самаркандский район",
                "name_en": "Samarkand district"
            },
            {
                "name_uz": "Nurobod tumani",
                "name_ru": "Нурабадский район",
                "name_en": "Nurabad district"
            },
            {
                "name_uz": "Urgut tumani",
                "name_ru": "Ургутский район",
                "name_en": "Urgut district"
            },
            {
                "name_uz": "Tayloq tumani",
                "name_ru": "Тайлякский район",
                "name_en": "Tailak district"
            }
        ]
    },
    {
        "name_uz": "Sirdaryo viloyati",
        "name_ru": "Сырдарьинская область",
        "name_en": "Syrdarya region",
        "districts": [
            {
                "name_uz": "Guliston shahri",
                "name_ru": "Город Гулистан",
                "name_en": "Gulistan city"
            },
            {
                "name_uz": "Shirin shahri",
                "name_ru": "Город Ширин",
                "name_en": "Shirin city"
            },
            {
                "name_uz": "Yangiyer shahri",
                "name_ru": "Город Янгиер",
                "name_en": "Yangier city"
            },
            {
                "name_uz": "Oqoltin tumani",
                "name_ru": "Акалтынский район",
                "name_en": "Akaltyn  district"
            },
            {
                "name_uz": "Boyovut tumani",
                "name_ru": "Баяутский район",
                "name_en": "Bayaut district"
            },
            {
                "name_uz": "Sayxunobod tumani",
                "name_ru": "Сайхунабадский район",
                "name_en": "Saykhunabad district"
            },
            {
                "name_uz": "Guliston tumani",
                "name_ru": "Гулистанский район",
                "name_en": "Gulistan district"
            },
            {
                "name_uz": "Sardoba tumani",
                "name_ru": "Сардобский район",
                "name_en": "Sardoba district"
            },
            {
                "name_uz": "Mirzaobod tumani",
                "name_ru": "Мирзаабадский район",
                "name_en": "Mirzaabad district"
            },
            {
                "name_uz": "Sirdaryo tumani",
                "name_ru": "Сырдарьинский район",
                "name_en": "Syrdarya district"
            },
            {
                "name_uz": "Xovos tumani",
                "name_ru": "Хавасский район",
                "name_en": "Khovos district"
            }
        ]
    },
    {
        "name_uz": "Surxondaryo viloyati",
        "name_ru": "Сурхандарьинская область",
        "name_en": "Surkhandarya region",
        "districts": [
            {
                "name_uz": "Termiz shahri",
                "name_ru": "Город Термез",
                "name_en": "Termiz  city"
            },
            {
                "name_uz": "Oltinsoy tumani",
                "name_ru": "Алтынсайский район",
                "name_en": "Altynsay district"
            },
            {
                "name_uz": "Angor tumani",
                "name_ru": "Ангорский район",
                "name_en": "Angor district"
            },
            {
                "name_uz": "Bandixon tumani",
                "name_ru": "Бандихонский район",
                "name_en": "Bandykhan district"
            },
            {
                "name_uz": "Boysun tumani",
                "name_ru": "Байсунский район",
                "name_en": "Baysun district"
            },
            {
                "name_uz": "Muzrabot tumani",
                "name_ru": "Музрабадский район",
                "name_en": "Muzrabad district"
            },
            {
                "name_uz": "Denov tumani",
                "name_ru": "Денауский район",
                "name_en": "Denau district"
            },
            {
                "name_uz": "Jarqo‘rg‘on tumani",
                "name_ru": "Джаркурганский район",
                "name_en": "Jarkurgan district"
            },
            {
                "name_uz": "Qumqo‘rg‘on tumani",
                "name_ru": "Кумкурганский район",
                "name_en": "Kumkurgan district"
            },
            {
                "name_uz": "Qiziriq tumani",
                "name_ru": "Кизирикский район",
                "name_en": "Kizirik district"
            },
            {
                "name_uz": "Sariosiyo tumani",
                "name_ru": "Сариасийский  район",
                "name_en": "Sariosia district"
            },
            {
                "name_uz": "Termiz tumani",
                "name_ru": "Термезский район",
                "name_en": "Termiz district"
            },
            {
                "name_uz": "Uzun tumani",
                "name_ru": "Узунский район",
                "name_en": "Uzun district"
            },
            {
                "name_uz": "Sherobod tumani",
                "name_ru": "Шерабадский район",
                "name_en": "Sherabad district"
            },
            {
                "name_uz": "Sho‘rchi tumani",
                "name_ru": "Шурчинский район",
                "name_en": "Shurchi district"
            }
        ]
    },
    {
        "name_uz": "Toshkent shahri",
        "name_ru": "город Ташкент",
        "name_en": "Tashkent city",
        "districts": [
            {
                "name_uz": "Uchtepa tumani",
                "name_ru": "Учтепинский район",
                "name_en": "Uchtepa district"
            },
            {
                "name_uz": "Bektemir tumani",
                "name_ru": "Бектемирский район",
                "name_en": "Bektemir district"
            },
            {
                "name_uz": "Yunusobod tumani",
                "name_ru": "Юнусабадский район",
                "name_en": "Yunusabad district"
            },
            {
                "name_uz": "Mirzo Ulug‘bek tumani",
                "name_ru": "Мирзо Улугбекский район",
                "name_en": "Mirzo Ulugbek district"
            },
            {
                "name_uz": "Mirobod tumani",
                "name_ru": "Мирабадский район",
                "name_en": "Mirabad district"
            },
            {
                "name_uz": "Shayxontoxur tumani",
                "name_ru": "Шайхантахурский район",
                "name_en": "Shaykhantakhur district"
            },
            {
                "name_uz": "Olmazor tumani",
                "name_ru": "Алмазарский район",
                "name_en": "Almazar district"
            },
            {
                "name_uz": "Sirg‘ali tumani",
                "name_ru": "Сергелийский район",
                "name_en": "Sergeli district"
            },
            {
                "name_uz": "Yakkasaroy tumani",
                "name_ru": "Яккасарайский район",
                "name_en": "Yakkasaray district"
            },
            {
                "name_uz": "Yashnobod tumani",
                "name_ru": "Яшнободский район",
                "name_en": "Yashnabad district"
            },
            {
                "name_uz": "Yangihayot tumani",
                "name_ru": "Янгихаётский район",
                "name_en": "Yangikhayot district"
            },
            {
                "name_uz": "Chilonzor tumani",
                "name_ru": "Чиланзарский район",
                "name_en": "Chilanzar district"
            }
        ]
    },
    {
        "name_uz": "Toshkent viloyati",
        "name_ru": "Ташкентская область",
        "name_en": "Tashkent region",
        "districts": [
            {
                "name_uz": "Nurafshon shahri",
                "name_ru": "Город Нурафшон",
                "name_en": "Nurafshan city"
            },
            {
                "name_uz": "Olmaliq shahri",
                "name_ru": "Город Алмалык",
                "name_en": "Almalyk city"
            },
            {
                "name_uz": "Angren shahri",
                "name_ru": "Город Ангрен",
                "name_en": "Angren city"
            },
            {
                "name_uz": "Bekobod shahri",
                "name_ru": "Город Бекабад",
                "name_en": "Bekabad city"
            },
            {
                "name_uz": "Chirchiq shahri",
                "name_ru": "Город Чиpчик",
                "name_en": "Chirchik city"
            },
            {
                "name_uz": "Ohangaron shahri",
                "name_ru": "Город Ахангаран",
                "name_en": "Akhangaran city"
            },
            {
                "name_uz": "Yangiyo‘lshahri",
                "name_ru": "Город Янгиюль",
                "name_en": "Yangiyul city"
            },
            {
                "name_uz": "Oqqo‘rg‘on tumani",
                "name_ru": "Аккурганский район",
                "name_en": "Akkurgan district"
            },
            {
                "name_uz": "Ohangaron tumani",
                "name_ru": "Ахангаранский район",
                "name_en": "Akhangaran district"
            },
            {
                "name_uz": "Bekobod tumani",
                "name_ru": "Бекабадский район",
                "name_en": "Bekabad district"
            },
            {
                "name_uz": "Bo‘stonliq tumani",
                "name_ru": "Бостанлыкский район",
                "name_en": "Bostanlyk district"
            },
            {
                "name_uz": "Bo‘ka tumani",
                "name_ru": "Букинский район",
                "name_en": "Buka district"
            },
            {
                "name_uz": "Quyichirchiq tumani",
                "name_ru": "Куйичирчикский район",
                "name_en": "Kuyichirchik district"
            },
            {
                "name_uz": "Zangiota tumani",
                "name_ru": "Зангиатинский район",
                "name_en": "Zangiata district"
            },
            {
                "name_uz": "Yuqorichirchiq tumani",
                "name_ru": "Юкоричирчикский район",
                "name_en": "Yukorichirchik district"
            },
            {
                "name_uz": "Qibray tumani",
                "name_ru": "Кибрайский район",
                "name_en": "Kibray district"
            },
            {
                "name_uz": "Parkent tumani",
                "name_ru": "Паркентский район",
                "name_en": "Parkent district"
            },
            {
                "name_uz": "Piskent tumani",
                "name_ru": "Пскентский район",
                "name_en": "Piskent district"
            },
            {
                "name_uz": "O‘rtachirchiq tumani",
                "name_ru": "Уртачирчикский район",
                "name_en": "Urtachirchik district"
            },
            {
                "name_uz": "Chinoz tumani",
                "name_ru": "Чиназский район",
                "name_en": "Chinaz district"
            },
            {
                "name_uz": "Yangiyo‘l tumani",
                "name_ru": "Янгиюльский район",
                "name_en": "Yangiyul district"
            },
            {
                "name_uz": "Toshkent tumani",
                "name_ru": "Ташкентский район",
                "name_en": "Tashkent district"
            }
        ]
    },
    {
        "name_uz": "Xorazm viloyati",
        "name_ru": "Хорезмская область",
        "name_en": "Khorezm region",
        "districts": [
            {
                "name_uz": "Urganch shahri",
                "name_ru": "Город Ургенч",
                "name_en": "Urgench city"
            },
            {
                "name_uz": "Xiva shahri",
                "name_ru": "Город Хива",
                "name_en": "Khiva city"
            },
            {
                "name_uz": "Bog‘ot tumani",
                "name_ru": "Багатский район",
                "name_en": "Bagat district"
            },
            {
                "name_uz": "Gurlan tumani",
                "name_ru": "Гурленский район",
                "name_en": "Gurlan district"
            },
            {
                "name_uz": "Qo‘shko‘pir tumani",
                "name_ru": "Кошкупырский район",
                "name_en": "Kushkupyr district"
            },
            {
                "name_uz": "Urganch tumani",
                "name_ru": "Ургенчский район",
                "name_en": "Urgench district"
            },
            {
                "name_uz": "Xazorasp tumani",
                "name_ru": "Хазараспский район",
                "name_en": "Khazarasp district"
            },
            {
                "name_uz": "Tuproqqal’a tumani",
                "name_ru": "Тупроккалинский район",
                "name_en": "Tuprakkala district"
            },
            {
                "name_uz": "Xonqa tumani",
                "name_ru": "Ханкинский район",
                "name_en": "Khanka district"
            },
            {
                "name_uz": "Xiva tumani",
                "name_ru": "Хивинский район",
                "name_en": "Khiva district"
            },
            {
                "name_uz": "Shovot tumani",
                "name_ru": "Шаватский район",
                "name_en": "Shavat district"
            },
            {
                "name_uz": "Yangiariq tumani",
                "name_ru": "Янгиарыкский район",
                "name_en": "Yangiaryk district"
            },
            {
                "name_uz": "Yangibozor tumani",
                "name_ru": "Янгибазарский район",
                "name_en": "Yangibazar district"
            }
        ]
    }
]